{
	"pattrstorage" : 	{
		"name" : "attractorPresets",
		"slots" : 		{
			"1" : 			{
				"id" : 1,
				"data" : 				{
					"live.dial" : [ 0.016218096403283 ],
					"live.dial[1]" : [ 0.324729163759125 ],
					"live.dial[2]" : [ 0.065427384394956 ],
					"live.dial[3]" : [ 0.0 ],
					"live.dial[4]" : [ 0.056800462785624 ],
					"multislider" : [ 0.730769217014313, 0.480769217014313, 0.5, 0.5, 0.403846144676208, 0.288461536169052, 0.403846144676208, 0.576923072338104, 0.846153855323792, 1.0, 0.846153855323792, 0.653846144676208, 0.403846144676208, 0.230769231915474, 0.557692289352417, 0.730769217014313, 0.711538434028625, 0.653846144676208, 0.596153855323792, 0.615384638309479, 0.326923072338104, 0.576923072338104, 0.538461565971375, 0.807692289352417, 1.0, 0.75, 0.480769217014313, 0.442307680845261, 0.5, 0.423076927661896, 0.346153855323792, 0.692307710647583 ],
					"multislider[1]" : [ 0.0, 0.288461536169052, 0.0, 0.557692289352417, 0.557692289352417, 0.0, 0.730769217014313, 0.519230782985687 ],
					"multislider[2]" : [ 0.326923072338104, 0.326923072338104, 0.596153855323792, 0.596153855323792, 0.25, 0.519230782985687, 0.769230782985687, 0.788461565971375 ],
					"multislider[3]" : [ 0, 0, 0, 0, 0, 0, 0, 0, 0, 0, 0, 0, 0, 0, 0, 0, 0, 0, 0, 0, 0, 0, 0, 0, 0, 0, 0, 0, 0, 0, 0, 0 ],
					"multislider[4]" : [ 0, 0, 0, 0, 0, 0, 0, 0 ],
					"rslider" : [ 0.001446825199137, 1.0 ]
				}

			}
,
			"2" : 			{
				"id" : 2,
				"data" : 				{
					"live.dial" : [ 0.005445178052068 ],
					"live.dial[1]" : [ 0.277258620643374 ],
					"live.dial[2]" : [ 0.033653192129363 ],
					"live.dial[3]" : [ 0.0 ],
					"live.dial[4]" : [ 0.011961407269581 ],
					"multislider" : [ 0.730769217014313, 0.692307710647583, 0.692307710647583, 0.653846144676208, 0.557692289352417, 0.442307680845261, 0.403846144676208, 0.576923072338104, 0.846153855323792, 1.0, 0.846153855323792, 0.653846144676208, 0.403846144676208, 0.230769231915474, 0.557692289352417, 0.730769217014313, 0.711538434028625, 0.653846144676208, 0.596153855323792, 0.615384638309479, 0.326923072338104, 0.576923072338104, 0.538461565971375, 0.807692289352417, 1.0, 0.75, 0.480769217014313, 0.442307680845261, 0.5, 0.423076927661896, 0.346153855323792, 0.692307710647583 ],
					"multislider[1]" : [ 0.0, 0.365384608507156, 0.365384608507156, 0.365384608507156, 0.942307710647583, 0.653846144676208, 0.403846144676208, 0.384615391492844 ],
					"multislider[2]" : [ 0.326923072338104, 0.730769217014313, 0.711538434028625, 0.673076927661896, 0.519230782985687, 0.384615391492844, 0.346153855323792, 0.788461565971375 ],
					"multislider[3]" : [ 1, 1, 1, 1, 1, 1, 1, 1, 1, 1, 1, 1, 1, 1, 1, 1, 1, 1, 1, 1, 1, 1, 1, 1, 1, 1, 1, 1, 1, 1, 1, 1 ],
					"multislider[4]" : [ 1, 1, 1, 1, 1, 0, 0, 0 ],
					"rslider" : [ 0.003793881473089, 1.0 ]
				}

			}
,
			"3" : 			{
				"id" : 3,
				"data" : 				{
					"live.dial" : [ 0.016218096403283 ],
					"live.dial[1]" : [ 0.0 ],
					"live.dial[2]" : [ 0.038766149885811 ],
					"live.dial[3]" : [ 0.000023912850851 ],
					"live.dial[4]" : [ 0.21027077778627 ],
					"multislider" : [ 0.942421555519104, 0.908767700195312, 0.30780616402626, 0.346267700195312, 0.480883091688156, 0.615498483181, 0.750113844871521, 0.903959989547729, 0.942421555519104, 0.942421555519104, 0.961652338504791, 0.807806134223938, 0.538575410842896, 0.461652308702469, 0.423190772533417, 0.480883091688156, 0.567421555519104, 0.788575410842896, 0.865498483181, 1.0, 1.0, 0.942421555519104, 0.788575410842896, 0.403960019350052, 0.384729236364365, 0.365498483181, 0.423190772533417, 0.452036917209625, 0.519344627857208, 0.615498483181, 0.615498483181, 0.461652308702469 ],
					"multislider[1]" : [ 0.0, 0.288461536169052, 0.307692319154739, 0.057692307978868, 0.423076927661896, 0.557692289352417, 0.269230782985687, 0.519230782985687 ],
					"multislider[2]" : [ 0.5, 0.5, 0.346153855323792, 0.692307710647583, 0.519230782985687, 0.346153855323792, 0.557692289352417, 0.288461536169052 ],
					"multislider[3]" : [ 1, 1, 1, 1, 1, 1, 1, 1, 1, 1, 1, 1, 1, 1, 1, 1, 1, 1, 1, 1, 1, 1, 1, 1, 1, 1, 1, 1, 1, 1, 1, 1 ],
					"multislider[4]" : [ 0, 0, 0, 0, 0, 0, 0, 0 ],
					"rslider" : [ 0.003793881473089, 1.0 ]
				}

			}
,
			"4" : 			{
				"id" : 4,
				"data" : 				{
					"live.dial" : [ 0.33484720318079 ],
					"live.dial[1]" : [ 0.426867571369588 ],
					"live.dial[2]" : [ 0.129116472804802 ],
					"live.dial[3]" : [ 0.002667870832673 ],
					"live.dial[4]" : [ 0.035175143200432 ],
					"multislider" : [ 0.269230782985687, 0.346153855323792, 0.480769217014313, 0.653846144676208, 0.807692289352417, 0.923076927661896, 0.942307710647583, 0.576923072338104, 0.846153855323792, 1.0, 0.846153855323792, 0.653846144676208, 0.403846144676208, 0.230769231915474, 0.557692289352417, 0.730769217014313, 0.711538434028625, 0.653846144676208, 0.596153855323792, 0.615384638309479, 0.326923072338104, 0.576923072338104, 0.538461565971375, 0.807692289352417, 1.0, 0.75, 0.480769217014313, 0.442307680845261, 0.5, 0.423076927661896, 0.346153855323792, 0.692307710647583 ],
					"multislider[1]" : [ 0.0, 0.288461536169052, 0.0, 0.557692289352417, 0.557692289352417, 0.0, 0.730769217014313, 0.519230782985687 ],
					"multislider[2]" : [ 0.326923072338104, 0.673076927661896, 0.384615391492844, 0.576923072338104, 0.25, 0.519230782985687, 0.769230782985687, 0.788461565971375 ],
					"multislider[3]" : [ 1, 1, 1, 1, 1, 1, 1, 0, 0, 0, 0, 0, 0, 0, 0, 0, 0, 0, 0, 0, 0, 0, 0, 0, 0, 0, 0, 0, 0, 0, 0, 0 ],
					"multislider[4]" : [ 1, 0, 1, 0, 0, 0, 1, 0 ],
					"rslider" : [ 0.18379131798886, 0.366135810778583 ]
				}

			}
,
			"5" : 			{
				"id" : 5,
				"data" : 				{
					"live.dial" : [ 0.014884034449216 ],
					"live.dial[1]" : [ 0.232357275021462 ],
					"live.dial[2]" : [ 0.201459345134032 ],
					"live.dial[3]" : [ 0.001730527672104 ],
					"live.dial[4]" : [ 0.220222722174008 ],
					"multislider" : [ 0.326923072338104, 0.634615361690521, 0.692307710647583, 0.5, 0.403846144676208, 0.288461536169052, 0.403846144676208, 0.576923072338104, 0.846153855323792, 0.596153855323792, 0.519230782985687, 0.653846144676208, 0.403846144676208, 0.230769231915474, 0.557692289352417, 0.730769217014313, 0.711538434028625, 0.653846144676208, 0.807692289352417, 0.615384638309479, 0.326923072338104, 0.576923072338104, 0.538461565971375, 0.807692289352417, 1.0, 0.75, 0.480769217014313, 0.442307680845261, 0.5, 0.423076927661896, 0.346153855323792, 0.692307710647583 ],
					"multislider[1]" : [ 0.0, 0.288461536169052, 0.673076927661896, 0.557692289352417, 0.557692289352417, 0.0, 0.730769217014313, 0.519230782985687 ],
					"multislider[2]" : [ 0.326923072338104, 0.057692307978868, 0.596153855323792, 0.15384615957737, 0.25, 0.519230782985687, 0.769230782985687, 0.788461565971375 ],
					"multislider[3]" : [ 1, 1, 1, 1, 1, 1, 1, 1, 1, 1, 1, 1, 1, 1, 1, 1, 1, 1, 1, 1, 1, 1, 1, 1, 1, 1, 1, 1, 1, 1, 1, 1 ],
					"multislider[4]" : [ 1, 1, 1, 1, 0, 0, 0, 0 ],
					"rslider" : [ 0.539797232483081, 0.565846445738755 ]
				}

			}
,
			"6" : 			{
				"id" : 6,
				"data" : 				{
					"live.dial" : [ 0.08830113638783 ],
					"live.dial[1]" : [ 0.261998879534586 ],
					"live.dial[2]" : [ 0.241940956992407 ],
					"live.dial[3]" : [ 0.3 ],
					"live.dial[4]" : [ 0.32649012362319 ],
					"multislider" : [ 0.730769217014313, 0.442421555519104, 0.827036917209625, 0.5, 0.403846144676208, 0.288461536169052, 0.403846144676208, 0.576923072338104, 0.846153855323792, 1.0, 0.846153855323792, 0.653846144676208, 0.403846144676208, 0.230769231915474, 0.557692289352417, 0.730769217014313, 0.711538434028625, 0.653846144676208, 0.596153855323792, 0.615384638309479, 0.326923072338104, 0.576923072338104, 0.538461565971375, 0.807692289352417, 1.0, 0.75, 0.480769217014313, 0.442307680845261, 0.5, 0.423076927661896, 0.346153855323792, 0.692307710647583 ],